﻿designator,quantity,value,pack,mpn,mount_type
C1,1,10n,C_0402_1005Metric,,smt
C10,1,22u,C_0603_1608Metric,,smt
"C11, C20, C21, C22, C3, C4, C42, C5, C7",9,10u,C_0603_1608Metric,,smt
"C12, C15, C2, C25, C29, C38, C6, C8, C9",9,100n,C_0402_1005Metric,,smt
"C13, C14",2,33p,C_0603_1608Metric,,smt
"C16, C17",2,12p,C_0402_1005Metric,,smt
"C18, C19",2,330u,CP_EIA-3528-21_Kemet-B,,smt
"C24, C26, C44, C45",4,1u,C_0603_1608Metric,,smt
C27,1,10p,C_0402_1005Metric,,smt
"C28, C47",2,33p,C_0402_1005Metric,,smt
C30,1,1u,C_0402_1005Metric,,smt
"C31, C32",2,100u,C_0805_2012Metric,,smt
"C33, C37",2,1n,C_0402_1005Metric,,smt
C34,1,470p,C_0402_1005Metric,,smt
"C35, C36, C48, C49",4,DNP,C_0402_1005Metric,,smt
"C39, C40, C41, C46, C55",5,100n,C_0603_1608Metric,,smt
C43,1,4u7,C_0603_1608Metric,,smt
C50,1,47p,C_0402_1005Metric,,smt
C51,1,1p4,C_0402_1005Metric,,smt
C52,1,1p2,C_0402_1005Metric,,smt
C53,1,2p,C_0402_1005Metric,,smt
C56,1,47u,C_0603_1608Metric,,smt
D1,1,E6C0603SEAC1UDA,LED_0603_1608Metric,,smt
"D10, D11, D2, D3, D6, D8",6,ESD5651N,D_SOD-882,,smt
D12,1,LTST-C191KGKT,LED_0603_1608Metric,,smt
D13,1,LTST-C191KRKT,LED_0603_1608Metric,,smt
"D4, D9",2,ESDA6V1W5,SOT-353_SC-70-5,,smt
"D5, D7",2,ESDBW5V0A1,D_SOD-882,,smt
E1,1,NN03-320,NN03-320,,smt
E2,1,NN03-310,NN03-310,,smt
F1,1,SMD0805P075TF,Fuse_0805_2012Metric,,smt
FB1,1,BLM21PG300SN1D,L_0805_2012Metric,,smt
FB2,1,MMZ1608B601CTAH0,L_0603_1608Metric,,smt
FB3,1,0p4,L_0402_1005Metric,,smt
FB4,1,11n,L_0603_1608Metric,,smt
FB5,1,0,L_0402_1005Metric,,smt
FB6,1,0,L_0603_1608Metric,,smt
J1,1,USB_C_Receptacle_USB2.0,USB_C_Receptacle_HRO_TYPE-C-31-M-12,,smt
J2,1,S2B-PH-SM4-TB(LF)(SN),JST_PH_S2B-PH-SM4-TB_1x02-1MP_P2.00mm_Horizontal,,smt
J3,1,Tag-Connect_TC2050-IDC-NL,Tag-Connect_TC2050-IDC-NL_2x05_P1.27mm_Vertical,,tht
J4,1,SMN-304,SIM-SMD_SMN-304,,smt
"J5, J7",2,BWIPX-1-001E,BWIPX-1-001E,,smt
J6,1,SM04B-SRSS-TB(LF)(SN),JST_SH_SM04B-SRSS-TB_1x04-1MP_P1.00mm_Horizontal,,smt
JP1,1,SolderJumper_3_Bridged12,SolderJumper-3_P1.3mm_Bridged2Bar12_RoundedPad1.0x1.5mm,,tht
L1,1,10n,L_0603_1608Metric,,smt
L2,1,9n5,L_0603_1608Metric,,smt
L3,1,6n1,L_0402_1005Metric,,smt
L4,1,3n,L_0402_1005Metric,,smt
L5,1,4n3,L_0603_1608Metric,,smt
L6,1,1n3,L_0402_1005Metric,,smt
L7,1,2u2,IND-SMD_L3.0-W3.0_LVS303015H-2R2M-N,,smt
Q2,1,PMV32UP,SOT-23,,smt
"Q3, Q4",2,S8050,SOT-23,,smt
"Q5, Q6",2,PMBT3904,SOT-23,,smt
Q7,1,DMG1012UW,SOT-323_SC-70,,smt
Q8,1,AO3407A,SOT-23,,smt
"R1, R19, R2",3,5k1,R_0402_1005Metric,,smt
"R10, R11, R15, R33, R7, R8, R9",7,10k,R_0402_1005Metric,,smt
"R12, R13",2,1M,R_0603_1608Metric,,smt
"R14, R18, R22, R23, R26, R27, R29, R31",8,4k7,R_0402_1005Metric,,smt
"R16, R17, R20, R21",4,22,R_0402_1005Metric,,smt
"R24, R25, R28, R34, R35, R36, R37, R5",8,0,R_0402_1005Metric,,smt
R3,1,2k,R_0402_1005Metric,,smt
"R30, R32",2,47k,R_0402_1005Metric,,smt
R38,1,0,R_0603_1608Metric,,smt
"R39, R40",2,DNP,R_0402_1005Metric,,smt
"R4, R41, R42",3,1k,R_0402_1005Metric,,smt
R43,1,120k,R_0603_1608Metric,,smt
R44,1,20k,R_0603_1608Metric,,smt
"SW1, SW2",2,KMR233GLFG,SW-SMD_L3.9-W3.0-P4.45,,smt
TP1,1,USB_DP,TestPoint_Pad_D1.0mm,,tht
TP10,1,+LIPO,TestPoint_Pad_D1.0mm,,tht
TP11,1,USB_BOOT,TestPoint_Pad_D1.0mm,,tht
TP12,1,UART_LOG_TXD,TestPoint_Pad_D1.0mm,,tht
TP13,1,GPIO35,TestPoint_Pad_D1.0mm,,tht
TP14,1,GPIO34,TestPoint_Pad_D1.0mm,,tht
TP15,1,GPIO33,TestPoint_Pad_D1.0mm,,tht
TP16,1,GPIO21,TestPoint_Pad_D1.0mm,,tht
TP17,1,GPIO38,TestPoint_Pad_D1.0mm,,tht
TP18,1,GPIO45,TestPoint_Pad_D1.0mm,,tht
TP19,1,GPIO46,TestPoint_Pad_D1.0mm,,tht
TP2,1,USB_DM,TestPoint_Pad_D1.0mm,,tht
TP20,1,GPIO03,TestPoint_Pad_D1.0mm,,tht
TP3,1,VBUS,TestPoint_Pad_D1.0mm,,tht
TP4,1,UART_LOG_RXD,TestPoint_Pad_D1.0mm,,tht
TP5,1,RESET,TestPoint_Pad_D1.0mm,,tht
TP6,1,BOOT,TestPoint_Pad_D1.0mm,,tht
TP7,1,TXD,TestPoint_Pad_D1.0mm,,tht
TP8,1,RXD,TestPoint_Pad_D1.0mm,,tht
TP9,1,VBUS_IN,TestPoint_Pad_D1.0mm,,tht
U1,1,USBLC6-2SC6,SOT-23-6,,smt
U10,1,TPS7A0328DBVR,SOT-23-5,,smt
U11,1,TXB0106PWR,TSSOP-16_L5.0-W4.4-P0.65-LS6.4-BL,,smt
U12,1,TPS7A0333DBVR,SOT-23-5,,smt
U2,1,MCP73831-2-OT,SOT-23-5,,smt
U3,1,RT9080-33GJ5,SOT-23-5,,smt
U4,1,LSM6DSOTR,LGA-14_3x2.5mm_P0.5mm_LayoutBorder3x4y,,smt
U5,1,MAX17048G+,DFN-8-1EP_2x2mm_P0.5mm_EP0.7x1.3mm,,smt
U6,1,ESP32-S3-MINI-1,ESP32-S3-MINI-1,,smt
U7,1,L76L-M33,L76L-M33,,smt
U8,1,SY8089A1AAC,SOT-23-5,,smt
U9,1,A7670C,LGA-124_L24.0-W24.0-P1.0-A7670C-LASS,,smt
Y1,1,32.768 kHz,Crystal_SMD_3215-2Pin_3.2x1.5mm,,smt
