﻿pos_x,pos_y,rotation,side,designator,mpn,pack,value,mount_type,place
38.7682,35.1556,90.0,top,C1,,C_0402_1005Metric,10p,smt,True
40.4446,5.663401,-90.0,top,C10,,C_0402_1005Metric,100n,smt,True
22.3232,14.3066,180.0,top,C11,,C_0402_1005Metric,100n,smt,True
20.5706,11.8174,-90.0,top,C12,,C_0402_1005Metric,100n,smt,True
22.0946,11.8174,90.0,top,C13,,C_0402_1005Metric,100n,smt,True
18.6916,51.1366,180.0,top,C14,,C_0402_1005Metric,100n,smt,True
17.5102,52.5706,180.0,top,C15,,C_0603_1608Metric,10u,smt,True
20.7972,51.1366,0.0,top,C16,,C_0402_1005Metric,100n,smt,True
21.9552,52.5336,0.0,top,C17,,C_0603_1608Metric,4.7u,smt,True
57.299,46.4376,180.0,top,C18,,C_0603_1608Metric,10u,smt,True
57.8578,44.9136,180.0,top,C19,,C_0402_1005Metric,100n,smt,True
40.0382,35.1556,90.0,top,C2,,C_0402_1005Metric,33p,smt,True
63.8502,30.588,0.0,top,C20,,C_0402_1005Metric,12p,smt,True
76.4252,45.0406,0.0,top,C21,,C_0402_1005Metric,100n,smt,True
65.933,30.588,0.0,top,C22,,C_0402_1005Metric,12p,smt,True
50.7712,22.0666,90.0,top,C23,,C_0603_1608Metric,10u,smt,True
52.2952,22.0666,90.0,top,C24,,C_0603_1608Metric,100n,smt,True
55.9802,19.9716,-90.0,top,C25,,C_0603_1608Metric,47u,smt,True
52.2852,25.0916,-90.0,top,C26,,C_0603_1608Metric,10u,smt,True
50.7702,25.0916,-90.0,top,C27,,C_0603_1608Metric,100n,smt,True
53.9614,40.341601,0.0,top,C28,,C_0603_1608Metric,10u,smt,True
54.063,46.437599,0.0,top,C29,,C_0603_1608Metric,10u,smt,True
41.3082,35.1556,90.0,top,C3,,C_0402_1005Metric,100n,smt,True
32.7372,44.6166,0.0,top,C30,,C_0603_1608Metric,1u,smt,True
32.7372,50.7126,0.0,top,C31,,C_0603_1608Metric,1u,smt,True
71.6082,18.1166,180.0,top,C32,,C_0402_1005Metric,10n,smt,True
71.6082,16.9736,180.0,top,C33,,C_0402_1005Metric,100n,smt,True
70.329201,14.820099,180.0,top,C34,,C_0603_1608Metric,10u,smt,True
70.329201,8.527099,180.0,top,C35,,C_0603_1608Metric,10u,smt,True
61.4867,20.8871,0.0,top,C36,,C_0402_1005Metric,100n,smt,True
63.5187,20.8871,180.0,top,C37,,C_0402_1005Metric,100n,smt,True
66.0192,24.0896,0.0,top,C38,,C_0603_1608Metric,22u,smt,True
66.0192,22.3116,0.0,top,C39,,C_0603_1608Metric,10u,smt,True
42.5782,35.1556,90.0,top,C4,,C_0402_1005Metric,1u,smt,True
72.6152,14.8186,90.0,top,C40,,C_0402_1005Metric,100n,smt,True
18.3902,32.7724,-90.0,top,C41,,C_0402_1005Metric,DNP,smt,True
15.5962,32.7724,-90.0,top,C42,,C_0402_1005Metric,10n,smt,True
44.3562,35.9456,90.0,top,C5,,C_0805_2012Metric,100u,smt,True
46.6422,35.9456,90.0,top,C6,,C_0805_2012Metric,100u,smt,True
53.2716,36.0838,0.0,top,C7,,CP_EIA-3528-21_Kemet-B,330u,smt,True
53.2652,32.7066,0.0,top,C8,,CP_EIA-3528-21_Kemet-B,330u,smt,True
41.5876,5.663401,-90.0,top,C9,,C_0402_1005Metric,33p,smt,True
52.4702,30.4266,180.0,top,D1,,D_SOD-882,ESDBW5V0A1,smt,True
71.5992,25.7366,0.0,top,D10,,D_SOD-882,ESD5651N,smt,True
80.8447,14.4336,0.0,top,D11,,LED_0603_1608Metric,E6C0603SEAC1UDA,smt,True
36.9499,34.399,180.0,top,D12,,D_SOD-882,ESD5651N,smt,True
48.0138,5.189,0.0,top,D2,,SOT-353_SC-70-5,ESDA6V1W5,smt,True
22.501,23.2982,0.0,top,D3,,D_SOD-882,ESDBW5V0A1,smt,True
19.7832,52.5026,-90.0,top,D4,,D_SOD-882,ESD5651N,smt,True
73.8242,30.6196,90.0,top,D5,,LED_0603_1608Metric,LTST-C191KGKT,smt,True
71.6672,30.6196,90.0,top,D6,,LED_0603_1608Metric,LTST-C191KRKT,smt,True
76.9332,40.0876,90.0,top,D7,,SOT-353_SC-70-5,ESDA6V1W5,smt,True
76.4252,43.7706,180.0,top,D8,,D_SOD-882,ESD5651N,smt,True
76.4252,47.5806,180.0,top,D9,,D_SOD-882,ESD5651N,smt,True
3.3862,23.3086,90.0,top,E1,,2108784-1,2108784-1,smt,True
69.4212,18.1166,90.0,top,F1,,Fuse_0805_2012Metric,SMD0805P075TF,smt,True
48.9282,35.9456,90.0,top,FB1,,L_0805_2012Metric,BLM21PG300SN1D,smt,True
73.6312,17.9896,-90.0,top,FB2,,L_0603_1608Metric,MMZ1608B601CTAH0,smt,True
56.9506,10.8278,0.0,top,J1,,SIM-SMD_SMN-304,SMN-304,smt,True
71.4722,42.2466,-90.0,bottom,J2,,Tag-Connect_TC2050-IDC-NL_2x05_P1.27mm_Vertical,Tag-Connect_TC2050-IDC-NL,tht,False
80.0892,21.7996,90.0,top,J3,,USB_C_Receptacle_HRO_TYPE-C-31-M-12,USB_C_Receptacle_USB2.0,smt,True
75.4102,8.7186,90.0,bottom,J4,,JST_PH_S2B-PH-SM4-TB_1x02-1MP_P2.00mm_Horizontal,S2B-PH-SM4-TB(LF)(SN),smt,True
79.1684,31.7056,90.0,top,J5,,JST_SH_SM04B-SRSS-TB_1x04-1MP_P1.00mm_Horizontal,SM04B-SRSS-TB(LF)(SN),smt,True
36.5102,38.3066,90.0,top,J6,,BWIPX-1-001E,BWIPX-1-001E,smt,True
19.4022,29.1266,-90.0,top,J7,,BWIPX-1-001E,BWIPX-1-001E,smt,True
37.6902,51.0881,0.0,top,JP1,,SolderJumper-3_P1.3mm_Bridged12_RoundedPad1.0x1.5mm,SolderJumper_3_Bridged12,tht,False
55.0502,27.6866,-90.0,top,L1,,IND-SMD_L3.0-W3.0_LVS303015H-2R2M-N,2u2,smt,True
16.9892,32.3406,180.0,top,L2,,L_0402_1005Metric,3p3,smt,True
39.7222,47.7076,90.0,top,Q1,,SOT-23,PMV32UP,smt,True
36.4202,47.4536,90.0,top,Q2,,SOT-323_SC-70,DMG1012UW,smt,True
69.8872,5.7921,180.0,top,Q3,,SOT-23,AO3407A,smt,True
43.8736,5.663402,-90.0,top,R1,,R_0402_1005Metric,22,smt,True
76.4272,37.6746,180.0,top,R10,,R_0402_1005Metric,4k7,smt,True
62.0742,31.1976,90.0,top,R11,,R_0402_1005Metric,10k,smt,True
57.8832,39.5796,0.0,top,R12,,R_0402_1005Metric,10k,smt,True
57.8832,40.7226,0.0,top,R13,,R_0402_1005Metric,10k,smt,True
73.8242,28.2066,0.0,top,R14,,R_0402_1005Metric,1k,smt,True
71.6672,28.2066,180.0,top,R15,,R_0402_1005Metric,1k,smt,True
57.5002,19.9666,90.0,top,R16,,R_0603_1608Metric,120k,smt,True
57.5002,22.9816,90.0,top,R17,,R_0603_1608Metric,20k,smt,True
39.7222,44.6596,180.0,top,R18,,R_0603_1608Metric,1M,smt,True
36.4202,44.6596,0.0,top,R19,,R_0603_1608Metric,1M,smt,True
42.7306,5.663402,90.0,top,R2,,R_0402_1005Metric,22,smt,True
71.6082,19.2596,180.0,top,R20,,R_0402_1005Metric,5k1,smt,True
71.6082,24.5936,180.0,top,R21,,R_0402_1005Metric,5k1,smt,True
78.0507,14.4336,0.0,top,R22,,R_0402_1005Metric,1k,smt,True
68.0432,14.8146,90.0,top,R23,,R_0402_1005Metric,2k,smt,True
61.1852,25.7366,-90.0,top,R24,,R_0402_1005Metric,10k,smt,True
35.9702,35.5266,0.0,top,R25,,R_0402_1005Metric,0,smt,True
19.920201,32.3066,180.0,top,R26,,R_0402_1005Metric,0,smt,True
36.5102,36.0666,-90.0,top,R27,,R_0402_1005Metric,DNP,smt,True
19.3802,31.7666,90.0,top,R28,,R_0402_1005Metric,DNP,smt,True
45.0166,5.663401,-90.0,top,R3,,R_0402_1005Metric,22,smt,True
17.7152,37.9286,180.0,top,R4,,R_0402_1005Metric,0,smt,True
76.4252,46.3106,180.0,top,R5,,R_0402_1005Metric,10k,smt,True
57.8832,43.0086,0.0,top,R6,,R_0402_1005Metric,10k,smt,True
63.8502,31.7056,180.0,top,R7,,R_0402_1005Metric,22,smt,True
76.4252,42.5006,180.0,top,R8,,R_0402_1005Metric,5k1,smt,True
76.4272,36.4226,180.0,top,R9,,R_0402_1005Metric,4k7,smt,True
80.1602,45.2466,90.0,top,SW1,,SW-SMD_L3.9-W3.0-P4.45,TS-1088-AR02016,smt,True
80.1602,39.0716,-90.0,top,SW2,,SW-SMD_L3.9-W3.0-P4.45,TS-1088-AR02016,smt,True
22.5772,21.6726,180.0,bottom,TP1,,TestPoint_Pad_D1.0mm,USB_BOOT,tht,False
76.2982,38.0556,180.0,bottom,TP10,,TestPoint_Pad_D1.0mm,TXD,tht,True
76.2982,40.4686,180.0,bottom,TP11,,TestPoint_Pad_D1.0mm,RXD,tht,True
61.6932,39.8336,180.0,bottom,TP12,,TestPoint_Pad_D1.0mm,GPIO03,tht,True
76.2982,44.2086,180.0,bottom,TP13,,TestPoint_Pad_D1.0mm,BOOT,tht,True
72.0482,30.8736,0.0,bottom,TP14,,TestPoint_Pad_D1.0mm,GPIO35,tht,True
69.6352,30.8736,0.0,bottom,TP15,,TestPoint_Pad_D1.0mm,GPIO34,tht,True
67.3492,30.8736,0.0,bottom,TP16,,TestPoint_Pad_D1.0mm,GPIO33,tht,True
74.4612,30.8736,180.0,bottom,TP17,,TestPoint_Pad_D1.0mm,GPIO38,tht,True
78.7792,42.9386,180.0,bottom,TP18,,TestPoint_Pad_D1.0mm,GPIO45,tht,True
78.7792,45.2246,180.0,bottom,TP19,,TestPoint_Pad_D1.0mm,GPIO46,tht,True
33.1182,5.3424,180.0,top,TP2,,TestPoint_Pad_D1.0mm,VBUS,tht,False
43.6202,43.8766,0.0,top,TP20,,TestPoint_Pad_D1.0mm,~,tht,True
24.7362,5.4166,0.0,top,TP21,,TestPoint_Pad_D1.0mm,~,tht,True
64.9362,30.8736,180.0,bottom,TP22,,TestPoint_Pad_D1.0mm,~,tht,True
64.1062,5.4166,0.0,top,TP23,,TestPoint_Pad_D1.0mm,~,tht,True
50.1002,46.8166,0.0,top,TP24,,TestPoint_Pad_D1.0mm,~,tht,True
57.2482,49.8666,0.0,top,TP25,,TestPoint_Pad_D1.0mm,~,tht,True
43.4202,47.9866,0.0,top,TP26,,TestPoint_Pad_D1.0mm,~,tht,True
51.6102,28.6866,0.0,top,TP27,,TestPoint_Pad_D1.0mm,~,tht,True
61.1002,29.0266,0.0,top,TP28,,TestPoint_Pad_D1.0mm,~,tht,True
30.0702,50.7556,0.0,top,TP29,,TestPoint_Pad_D1.0mm,~,tht,True
35.9122,5.3536,180.0,top,TP3,,TestPoint_Pad_D1.0mm,USB_DP,tht,False
48.2002,44.7666,0.0,top,TP30,,TestPoint_Pad_D1.0mm,~,tht,True
45.3702,45.6866,0.0,top,TP31,,TestPoint_Pad_D1.0mm,~,tht,True
73.6566,25.1066,-90.0,top,TP32,,TestPoint_Pad_D1.0mm,VBUS_IN,tht,True
66.9002,5.4166,0.0,top,TP33,,TestPoint_Pad_D1.0mm,+LIPO,tht,True
38.7062,5.3424,180.0,top,TP4,,TestPoint_Pad_D1.0mm,USB_DM,tht,False
27.5302,5.4166,180.0,top,TP5,,TestPoint_Pad_D1.0mm,UART_LOG_RXD,tht,False
30.3242,5.3536,180.0,top,TP6,,TestPoint_Pad_D1.0mm,UART_LOG_TXD,tht,False
21.1802,42.2466,180.0,bottom,TP7,,TestPoint_Pad_D1.0mm,GPIO46,tht,True
25.2442,42.2466,180.0,bottom,TP8,,TestPoint_Pad_D1.0mm,GPIO46,tht,True
76.3662,46.6216,-90.0,bottom,TP9,,TestPoint_Pad_D1.0mm,RESET,tht,True
36.4822,20.2966,0.0,top,U1,,LGA-124_L24.0-W24.0-P1.0-A7670C-LASS,A7670G-LABE,smt,True
75.0762,14.8186,0.0,top,U10,,DFN-8-1EP_2x2mm_P0.5mm_EP0.7x1.3mm,MAX17048G+,smt,True
62.4552,23.1966,0.0,top,U11,,LGA-14_3x2.5mm_P0.5mm_LayoutBorder3x4y,LSM6DSOTR,smt,True
21.3192,8.4414,0.0,top,U2,,Texas_S-PVQFN-N14,TXB0104RGY,smt,True
21.0152,44.5326,-90.0,top,U3,,L96-M33,L96-M33,smt,True
67.1542,40.4686,0.0,top,U4,,ESP32-S3-MINI-1,ESP32-S3-MINI-1,smt,True
55.0102,23.5541,-90.0,top,U5,,SOT-23-5,SY8089A1AAC,smt,True
54.0122,43.3896,90.0,top,U6,,SOT-23-5,RT9080-33GJ5,smt,True
32.7372,47.6591,90.0,top,U7,,SOT-23-5,TPS7A0333DBVR,smt,True
70.0752,11.6396,90.0,top,U8,,SOT-23-5,MCP73831-2-OT,smt,True
71.9802,21.9266,180.0,top,U9,,SOT-23-6,USBLC6-2SC6,smt,True
64.917,28.81,0.0,top,Y1,,Crystal_SMD_3215-2Pin_3.2x1.5mm,32.768 kHz,smt,True
