﻿designator,quantity,value,pack,mpn,mount_type
C1,1,10p,C_0402_1005Metric,,smt
"C10, C11, C12, C13, C14, C16, C19, C21, C3, C33, C36, C37, C40",13,100n,C_0402_1005Metric,,smt
"C15, C18, C23, C26, C28, C29, C34, C35, C39",9,10u,C_0603_1608Metric,,smt
C17,1,4.7u,C_0603_1608Metric,,smt
"C2, C9",2,33p,C_0402_1005Metric,,smt
"C20, C22",2,12p,C_0402_1005Metric,,smt
"C24, C27",2,100n,C_0603_1608Metric,,smt
C25,1,47u,C_0603_1608Metric,,smt
"C30, C31",2,1u,C_0603_1608Metric,,smt
"C32, C42",2,10n,C_0402_1005Metric,,smt
C38,1,22u,C_0603_1608Metric,,smt
C4,1,1u,C_0402_1005Metric,,smt
C41,1,DNP,C_0402_1005Metric,,smt
"C5, C6",2,100u,C_0805_2012Metric,,smt
"C7, C8",2,330u,CP_EIA-3528-21_Kemet-B,,smt
"D1, D3",2,ESDBW5V0A1,D_SOD-882,,smt
"D10, D12, D4, D8, D9",5,ESD5651N,D_SOD-882,,smt
D11,1,E6C0603SEAC1UDA,LED_0603_1608Metric,,smt
"D2, D7",2,ESDA6V1W5,SOT-353_SC-70-5,,smt
D5,1,LTST-C191KGKT,LED_0603_1608Metric,,smt
D6,1,LTST-C191KRKT,LED_0603_1608Metric,,smt
E1,1,2108784-1,2108784-1,,smt
F1,1,SMD0805P075TF,Fuse_0805_2012Metric,,smt
FB1,1,BLM21PG300SN1D,L_0805_2012Metric,,smt
FB2,1,MMZ1608B601CTAH0,L_0603_1608Metric,,smt
J1,1,SMN-304,SIM-SMD_SMN-304,,smt
J2,1,Tag-Connect_TC2050-IDC-NL,Tag-Connect_TC2050-IDC-NL_2x05_P1.27mm_Vertical,,tht
J3,1,USB_C_Receptacle_USB2.0,USB_C_Receptacle_HRO_TYPE-C-31-M-12,,smt
J4,1,S2B-PH-SM4-TB(LF)(SN),JST_PH_S2B-PH-SM4-TB_1x02-1MP_P2.00mm_Horizontal,,smt
J5,1,SM04B-SRSS-TB(LF)(SN),JST_SH_SM04B-SRSS-TB_1x04-1MP_P1.00mm_Horizontal,,smt
"J6, J7",2,BWIPX-1-001E,BWIPX-1-001E,,smt
JP1,1,SolderJumper_3_Bridged12,SolderJumper-3_P1.3mm_Bridged12_RoundedPad1.0x1.5mm,,tht
L1,1,2u2,IND-SMD_L3.0-W3.0_LVS303015H-2R2M-N,,smt
L2,1,3p3,L_0402_1005Metric,,smt
Q1,1,PMV32UP,SOT-23,,smt
Q2,1,DMG1012UW,SOT-323_SC-70,,smt
Q3,1,AO3407A,SOT-23,,smt
"R1, R2, R3, R7",4,22,R_0402_1005Metric,,smt
"R10, R9",2,4k7,R_0402_1005Metric,,smt
"R11, R12, R13, R24, R5, R6",6,10k,R_0402_1005Metric,,smt
"R14, R15, R22",3,1k,R_0402_1005Metric,,smt
R16,1,120k,R_0603_1608Metric,,smt
R17,1,20k,R_0603_1608Metric,,smt
"R18, R19",2,1M,R_0603_1608Metric,,smt
"R20, R21, R8",3,5k1,R_0402_1005Metric,,smt
R23,1,2k,R_0402_1005Metric,,smt
"R25, R26, R4",3,0,R_0402_1005Metric,,smt
"R27, R28",2,DNP,R_0402_1005Metric,,smt
"SW1, SW2",2,TS-1088-AR02016,SW-SMD_L3.9-W3.0-P4.45,,smt
TP1,1,USB_BOOT,TestPoint_Pad_D1.0mm,,tht
TP10,1,TXD,TestPoint_Pad_D1.0mm,,tht
TP11,1,RXD,TestPoint_Pad_D1.0mm,,tht
TP12,1,GPIO03,TestPoint_Pad_D1.0mm,,tht
TP13,1,BOOT,TestPoint_Pad_D1.0mm,,tht
TP14,1,GPIO35,TestPoint_Pad_D1.0mm,,tht
TP15,1,GPIO34,TestPoint_Pad_D1.0mm,,tht
TP16,1,GPIO33,TestPoint_Pad_D1.0mm,,tht
TP17,1,GPIO38,TestPoint_Pad_D1.0mm,,tht
TP18,1,GPIO45,TestPoint_Pad_D1.0mm,,tht
"TP19, TP7, TP8",3,GPIO46,TestPoint_Pad_D1.0mm,,tht
TP2,1,VBUS,TestPoint_Pad_D1.0mm,,tht
"TP20, TP21, TP22, TP23, TP24, TP25, TP26, TP27, TP28, TP29, TP30, TP31",12,~,TestPoint_Pad_D1.0mm,,tht
TP3,1,USB_DP,TestPoint_Pad_D1.0mm,,tht
TP32,1,VBUS_IN,TestPoint_Pad_D1.0mm,,tht
TP33,1,+LIPO,TestPoint_Pad_D1.0mm,,tht
TP4,1,USB_DM,TestPoint_Pad_D1.0mm,,tht
TP5,1,UART_LOG_RXD,TestPoint_Pad_D1.0mm,,tht
TP6,1,UART_LOG_TXD,TestPoint_Pad_D1.0mm,,tht
TP9,1,RESET,TestPoint_Pad_D1.0mm,,tht
U1,1,A7670G-LABE,LGA-124_L24.0-W24.0-P1.0-A7670C-LASS,,smt
U10,1,MAX17048G+,DFN-8-1EP_2x2mm_P0.5mm_EP0.7x1.3mm,,smt
U11,1,LSM6DSOTR,LGA-14_3x2.5mm_P0.5mm_LayoutBorder3x4y,,smt
U2,1,TXB0104RGY,Texas_S-PVQFN-N14,,smt
U3,1,L96-M33,L96-M33,,smt
U4,1,ESP32-S3-MINI-1,ESP32-S3-MINI-1,,smt
U5,1,SY8089A1AAC,SOT-23-5,,smt
U6,1,RT9080-33GJ5,SOT-23-5,,smt
U7,1,TPS7A0333DBVR,SOT-23-5,,smt
U8,1,MCP73831-2-OT,SOT-23-5,,smt
U9,1,USBLC6-2SC6,SOT-23-6,,smt
Y1,1,32.768 kHz,Crystal_SMD_3215-2Pin_3.2x1.5mm,,smt
