﻿pos_x,pos_y,rotation,side,designator,mpn,pack,value,mount_type,place
71.6082,18.1166,180.0,top,C1,,C_0402_1005Metric,10n,smt,True
66.1462,24.0896,0.0,top,C10,,C_0603_1608Metric,22u,smt,True
66.1462,22.3116,0.0,top,C11,,C_0603_1608Metric,10u,smt,True
72.6152,14.8186,90.0,top,C12,,C_0402_1005Metric,100n,smt,True
37.7947,40.9766,0.0,top,C13,,C_0603_1608Metric,33p,smt,True
23.570699,40.976598,180.0,top,C14,,C_0603_1608Metric,33p,smt,True
57.8578,44.9136,180.0,top,C15,,C_0402_1005Metric,100n,smt,True
63.8502,30.588,0.0,top,C16,,C_0402_1005Metric,12p,smt,True
65.933,30.588,0.0,top,C17,,C_0402_1005Metric,12p,smt,True
53.2716,36.0838,0.0,top,C18,,CP_EIA-3528-21_Kemet-B,330u,smt,True
53.2652,32.7066,0.0,top,C19,,CP_EIA-3528-21_Kemet-B,330u,smt,True
71.6082,16.9736,180.0,top,C2,,C_0402_1005Metric,100n,smt,True
52.0288,42.881601,180.0,top,C20,,C_0603_1608Metric,10u,smt,True
51.0002,22.0666,90.0,top,C21,,C_0603_1608Metric,10u,smt,True
52.2852,25.0916,-90.0,top,C22,,C_0603_1608Metric,10u,smt,True
48.231199,48.9776,180.0,top,C24,,C_0603_1608Metric,1u,smt,True
40.4446,5.663401,-90.0,top,C25,,C_0402_1005Metric,100n,smt,True
48.231199,42.8816,180.0,top,C26,,C_0603_1608Metric,1u,smt,True
38.7682,35.1556,90.0,top,C27,,C_0402_1005Metric,10p,smt,True
40.0382,35.1556,90.0,top,C28,,C_0402_1005Metric,33p,smt,True
41.3082,35.1556,90.0,top,C29,,C_0402_1005Metric,100n,smt,True
70.329201,14.820099,180.0,top,C3,,C_0603_1608Metric,10u,smt,True
42.5782,35.1556,90.0,top,C30,,C_0402_1005Metric,1u,smt,True
44.3562,35.9456,90.0,top,C31,,C_0805_2012Metric,100u,smt,True
46.6422,35.9456,90.0,top,C32,,C_0805_2012Metric,100u,smt,True
19.3542,17.7966,180.0,top,C33,,C_0402_1005Metric,1n,smt,True
21.6402,22.2566,0.0,top,C34,,C_0402_1005Metric,470p,smt,True
34.4907,35.9738,90.0,top,C35,,C_0402_1005Metric,DNP,smt,True
31.58,35.968776,90.0,top,C36,,C_0402_1005Metric,DNP,smt,True
21.6466,16.8066,180.0,top,C37,,C_0402_1005Metric,1n,smt,True
19.3626,12.3466,180.0,top,C38,,C_0402_1005Metric,100n,smt,True
41.6047,40.9766,0.0,top,C39,,C_0603_1608Metric,100n,smt,True
70.329201,8.527099,180.0,top,C4,,C_0603_1608Metric,10u,smt,True
37.7947,44.2786,0.0,top,C40,,C_0603_1608Metric,100n,smt,True
23.5707,42.6276,180.0,top,C41,,C_0603_1608Metric,100n,smt,True
37.7947,42.6276,0.0,top,C42,,C_0603_1608Metric,10u,smt,True
23.5707,44.2786,180.0,top,C43,,C_0603_1608Metric,4u7,smt,True
37.7947,52.2796,180.0,top,C44,,C_0603_1608Metric,1u,smt,True
37.7947,45.924599,0.0,top,C45,,C_0603_1608Metric,1u,smt,True
52.5202,22.0666,90.0,top,C46,,C_0603_1608Metric,100n,smt,True
41.5876,5.663401,-90.0,top,C47,,C_0402_1005Metric,33p,smt,True
31.9781,52.3635,-90.0,top,C48,,C_0402_1005Metric,DNP,smt,True
29.0825,52.3635,-90.0,top,C49,,C_0402_1005Metric,DNP,smt,True
52.1304,48.977599,180.0,top,C5,,C_0603_1608Metric,10u,smt,True
15.5922,7.065,-90.0,top,C50,,C_0402_1005Metric,47p,smt,True
15.5922,9.898,-90.0,top,C51,,C_0402_1005Metric,1p4,smt,True
16.0722,11.3204,180.0,top,C52,,C_0402_1005Metric,1p2,smt,True
16.0748,15.7036,180.0,top,C53,,C_0402_1005Metric,2p,smt,True
50.7702,25.0916,-90.0,top,C55,,C_0603_1608Metric,100n,smt,True
55.9802,19.9716,-90.0,top,C56,,C_0603_1608Metric,47u,smt,True
76.4252,45.0406,0.0,top,C6,,C_0402_1005Metric,100n,smt,True
57.299,46.4376,180.0,top,C7,,C_0603_1608Metric,10u,smt,True
61.6137,20.8871,0.0,top,C8,,C_0402_1005Metric,100n,smt,True
63.6457,20.8871,180.0,top,C9,,C_0402_1005Metric,100n,smt,True
80.8447,14.4336,0.0,top,D1,,LED_0603_1608Metric,E6C0603SEAC1UDA,smt,True
76.4252,43.7706,180.0,top,D10,,D_SOD-882,ESD5651N,smt,True
76.4252,47.5806,180.0,top,D11,,D_SOD-882,ESD5651N,smt,True
73.8242,30.6196,90.0,top,D12,,LED_0603_1608Metric,LTST-C191KGKT,smt,True
71.6672,30.6196,90.0,top,D13,,LED_0603_1608Metric,LTST-C191KRKT,smt,True
36.9499,34.399,180.0,top,D2,,D_SOD-882,ESD5651N,smt,True
34.4393,51.797,180.0,top,D3,,D_SOD-882,ESD5651N,smt,True
48.0138,5.189,0.0,top,D4,,SOT-353_SC-70-5,ESDA6V1W5,smt,True
52.4702,30.4266,180.0,top,D5,,D_SOD-882,ESDBW5V0A1,smt,True
71.5992,25.7366,0.0,top,D6,,D_SOD-882,ESD5651N,smt,True
21.6402,23.3816,0.0,top,D7,,D_SOD-882,ESDBW5V0A1,smt,True
37.2867,39.5796,180.0,top,D8,,D_SOD-882,ESD5651N,smt,True
76.9332,40.0876,90.0,top,D9,,SOT-353_SC-70-5,ESDA6V1W5,smt,True
4.6842,49.9126,90.0,top,E1,,NN03-320,NN03-320,smt,True
4.6348,18.8566,90.0,top,E2,,NN03-310,NN03-310,smt,True
69.4212,18.1166,90.0,top,F1,,Fuse_0805_2012Metric,SMD0805P075TF,smt,True
48.9282,35.9456,90.0,top,FB1,,L_0805_2012Metric,BLM21PG300SN1D,smt,True
73.6312,17.9896,-90.0,top,FB2,,L_0603_1608Metric,MMZ1608B601CTAH0,smt,True
6.771,7.1066,90.0,top,FB3,,L_0402_1005Metric,0p4,smt,True
8.1172,7.1066,90.0,top,FB4,,L_0603_1608Metric,11n,smt,True
6.771,30.6068,90.0,top,FB5,,L_0402_1005Metric,0,smt,True
8.1172,30.6068,90.0,top,FB6,,L_0603_1608Metric,0,smt,True
80.0892,21.7996,90.0,top,J1,,USB_C_Receptacle_HRO_TYPE-C-31-M-12,USB_C_Receptacle_USB2.0,smt,True
75.4102,8.7186,90.0,bottom,J2,,JST_PH_S2B-PH-SM4-TB_1x02-1MP_P2.00mm_Horizontal,S2B-PH-SM4-TB(LF)(SN),smt,True
71.4722,42.2466,-90.0,bottom,J3,,Tag-Connect_TC2050-IDC-NL_2x05_P1.27mm_Vertical,Tag-Connect_TC2050-IDC-NL,tht,False
56.9506,10.8278,0.0,top,J4,,SIM-SMD_SMN-304,SMN-304,smt,True
18.3862,48.0886,180.0,top,J5,,BWIPX-1-001E,BWIPX-1-001E,smt,True
79.4142,31.7056,90.0,top,J6,,JST_SH_SM04B-SRSS-TB_1x04-1MP_P1.00mm_Horizontal,SM04B-SRSS-TB(LF)(SN),smt,True
18.3862,36.487,180.0,top,J7,,BWIPX-1-001E,BWIPX-1-001E,smt,True
23.5707,48.0886,90.0,top,JP1,,SolderJumper-3_P1.3mm_Bridged2Bar12_RoundedPad1.0x1.5mm,SolderJumper_3_Bridged12,tht,True
16.4026,52.8638,180.0,top,L1,,L_0603_1608Metric,10n,smt,True
18.6402,52.1017,-90.0,top,L2,,L_0603_1608Metric,9n5,smt,True
16.0748,8.4756,0.0,top,L3,,L_0402_1005Metric,6n1,smt,True
15.5922,12.7546,-90.0,top,L4,,L_0402_1005Metric,3n,smt,True
16.6082,14.459,0.0,top,L5,,L_0603_1608Metric,4n3,smt,True
15.5922,17.126,-90.0,top,L6,,L_0402_1005Metric,1n3,smt,True
55.0502,27.6866,-90.0,top,L7,,IND-SMD_L3.0-W3.0_LVS303015H-2R2M-N,2u2,smt,True
18.0072,41.1176,180.0,top,Q2,,SOT-23,PMV32UP,smt,True
20.6177,20.0266,0.0,top,Q3,,SOT-23,S8050,smt,True
20.6227,14.5766,180.0,top,Q4,,SOT-23,S8050,smt,True
20.6226,25.7316,180.0,top,Q5,,SOT-23,PMBT3904,smt,True
20.6227,10.1166,0.0,top,Q6,,SOT-23,PMBT3904,smt,True
18.2432,44.2024,180.0,top,Q7,,SOT-323_SC-70,DMG1012UW,smt,True
69.8872,5.7921,180.0,top,Q8,,SOT-23,AO3407A,smt,True
71.6082,19.2596,180.0,top,R1,,R_0402_1005Metric,5k1,smt,True
60.0617,23.7086,90.0,top,R10,,R_0402_1005Metric,10k,smt,True
57.8832,39.8336,0.0,top,R11,,R_0402_1005Metric,10k,smt,True
20.910199,41.1036,-90.0,top,R12,,R_0603_1608Metric,1M,smt,True
20.9262,44.4056,90.0,top,R13,,R_0603_1608Metric,1M,smt,True
76.4272,36.4226,180.0,top,R14,,R_0402_1005Metric,4k7,smt,True
57.8578,43.6436,180.0,top,R15,,R_0402_1005Metric,10k,smt,True
43.8736,5.663402,-90.0,top,R16,,R_0402_1005Metric,22,smt,True
45.0166,5.663401,-90.0,top,R17,,R_0402_1005Metric,22,smt,True
76.4272,37.6746,180.0,top,R18,,R_0402_1005Metric,4k7,smt,True
76.4252,42.5006,180.0,top,R19,,R_0402_1005Metric,5k1,smt,True
71.6082,24.5936,180.0,top,R2,,R_0402_1005Metric,5k1,smt,True
42.7306,5.663402,90.0,top,R20,,R_0402_1005Metric,22,smt,True
63.8502,31.7056,180.0,top,R21,,R_0402_1005Metric,22,smt,True
21.6402,17.7966,180.0,top,R22,,R_0402_1005Metric,4k7,smt,True
19.3542,22.2566,0.0,top,R23,,R_0402_1005Metric,4k7,smt,True
33.4533,52.8892,180.0,top,R24,,R_0402_1005Metric,0,smt,True
33.0389,35.4912,180.0,top,R25,,R_0402_1005Metric,0,smt,True
21.6466,12.3466,0.0,top,R26,,R_0402_1005Metric,4k7,smt,True
19.3606,16.8066,180.0,top,R27,,R_0402_1005Metric,4k7,smt,True
30.1556,35.5666,180.0,top,R28,,R_0402_1005Metric,0,smt,True
19.3606,27.9616,0.0,top,R29,,R_0402_1005Metric,4k7,smt,True
68.0432,14.8146,90.0,top,R3,,R_0402_1005Metric,2k,smt,True
21.6466,27.9616,0.0,top,R30,,R_0402_1005Metric,47k,smt,True
19.3626,7.8956,0.0,top,R31,,R_0402_1005Metric,4k7,smt,True
21.6486,7.8956,0.0,top,R32,,R_0402_1005Metric,47k,smt,True
57.8832,42.3736,180.0,top,R33,,R_0402_1005Metric,10k,smt,True
21.122433,33.524076,-145.0,top,R34,,R_0402_1005Metric,0,smt,True
30.5323,52.8892,180.0,top,R35,,R_0402_1005Metric,0,smt,True
27.6327,52.8892,180.0,top,R36,,R_0402_1005Metric,0,smt,True
23.3292,52.8622,180.0,top,R37,,R_0402_1005Metric,0,smt,True
20.8876,52.8638,180.0,top,R38,,R_0603_1608Metric,0,smt,True
21.2564,34.271,-55.0,top,R39,,R_0402_1005Metric,DNP,smt,True
78.0507,14.4336,0.0,top,R4,,R_0402_1005Metric,1k,smt,True
23.8726,52.305,90.0,top,R40,,R_0402_1005Metric,DNP,smt,True
73.8242,28.2066,0.0,top,R41,,R_0402_1005Metric,1k,smt,True
71.6672,28.2066,180.0,top,R42,,R_0402_1005Metric,1k,smt,True
57.5002,19.9666,90.0,top,R43,,R_0603_1608Metric,120k,smt,True
57.5002,22.9816,90.0,top,R44,,R_0603_1608Metric,20k,smt,True
35.9468,35.4912,180.0,top,R5,,R_0402_1005Metric,0,smt,True
76.4252,46.3106,180.0,top,R7,,R_0402_1005Metric,10k,smt,True
57.8832,41.1036,0.0,top,R8,,R_0402_1005Metric,10k,smt,True
62.0742,31.1976,90.0,top,R9,,R_0402_1005Metric,10k,smt,True
80.1602,45.2466,90.0,top,SW1,,SW-SMD_L3.9-W3.0-P4.45,KMR233GLFG,smt,True
80.1602,39.0716,-90.0,top,SW2,,SW-SMD_L3.9-W3.0-P4.45,KMR233GLFG,smt,True
34.4102,5.6066,180.0,top,TP1,,TestPoint_Pad_D1.0mm,USB_DP,tht,False
66.0792,5.4736,0.0,top,TP10,,TestPoint_Pad_D1.0mm,+LIPO,tht,True
22.9702,21.6266,180.0,bottom,TP11,,TestPoint_Pad_D1.0mm,USB_BOOT,tht,False
24.1602,5.6066,180.0,top,TP12,,TestPoint_Pad_D1.0mm,UART_LOG_TXD,tht,False
72.0482,30.8736,0.0,bottom,TP13,,TestPoint_Pad_D1.0mm,GPIO35,tht,True
69.6352,30.8736,0.0,bottom,TP14,,TestPoint_Pad_D1.0mm,GPIO34,tht,True
67.3492,30.8736,0.0,bottom,TP15,,TestPoint_Pad_D1.0mm,GPIO33,tht,True
64.9362,30.8736,180.0,bottom,TP16,,TestPoint_Pad_D1.0mm,GPIO21,tht,True
74.4612,30.8736,180.0,bottom,TP17,,TestPoint_Pad_D1.0mm,GPIO38,tht,True
78.7792,42.9386,180.0,bottom,TP18,,TestPoint_Pad_D1.0mm,GPIO45,tht,True
78.7792,45.2246,180.0,bottom,TP19,,TestPoint_Pad_D1.0mm,GPIO46,tht,True
38.6602,5.5954,180.0,top,TP2,,TestPoint_Pad_D1.0mm,USB_DM,tht,False
61.7612,41.2876,180.0,bottom,TP20,,TestPoint_Pad_D1.0mm,GPIO03,tht,True
30.1602,5.5954,180.0,top,TP3,,TestPoint_Pad_D1.0mm,VBUS,tht,False
20.1602,5.6066,180.0,top,TP4,,TestPoint_Pad_D1.0mm,UART_LOG_RXD,tht,False
76.3662,46.6216,-90.0,bottom,TP5,,TestPoint_Pad_D1.0mm,RESET,tht,True
76.2982,44.2086,180.0,bottom,TP6,,TestPoint_Pad_D1.0mm,BOOT,tht,True
76.2982,38.0556,180.0,bottom,TP7,,TestPoint_Pad_D1.0mm,TXD,tht,True
76.2982,40.4686,180.0,bottom,TP8,,TestPoint_Pad_D1.0mm,RXD,tht,True
73.6566,25.1066,-90.0,top,TP9,,TestPoint_Pad_D1.0mm,VBUS_IN,tht,True
71.9802,21.9266,180.0,top,U1,,SOT-23-6,USBLC6-2SC6,smt,True
48.2312,45.9296,-90.0,top,U10,,SOT-23-5,TPS7A0328DBVR,smt,True
43.1287,45.9296,0.0,top,U11,,TSSOP-16_L5.0-W4.4-P0.65-LS6.4-BL,TXB0106PWR,smt,True
37.9217,49.2316,-90.0,top,U12,,SOT-23-5,TPS7A0333DBVR,smt,True
70.0752,11.6396,90.0,top,U2,,SOT-23-5,MCP73831-2-OT,smt,True
52.0796,45.9296,-90.0,top,U3,,SOT-23-5,RT9080-33GJ5,smt,True
62.5822,23.1966,0.0,top,U4,,LGA-14_3x2.5mm_P0.5mm_LayoutBorder3x4y,LSM6DSOTR,smt,True
75.0762,14.8186,0.0,top,U5,,DFN-8-1EP_2x2mm_P0.5mm_EP0.7x1.3mm,MAX17048G+,smt,True
67.1542,40.4686,0.0,top,U6,,ESP32-S3-MINI-1,ESP32-S3-MINI-1,smt,True
30.6827,45.0991,90.0,top,U7,,L76L-M33,L76L-M33,smt,True
55.0102,23.5541,-90.0,top,U8,,SOT-23-5,SY8089A1AAC,smt,True
36.4822,20.2966,0.0,top,U9,,LGA-124_L24.0-W24.0-P1.0-A7670C-LASS,A7670C,smt,True
64.917,28.81,0.0,top,Y1,,Crystal_SMD_3215-2Pin_3.2x1.5mm,32.768 kHz,smt,True
